{
  "name": "mizchi/cloudflare",
  "version": "0.1.1",
  "deps": {
    "moonbitlang/async": "0.15.0",
    "mizchi/js": "0.10.7"
  },
  "readme": "README.md",
  "repository": "https://github.com/mizchi/cloudflare.mbt",
  "license": "MIT",
  "keywords": [
    "cloudflare",
    "workers",
    "kv",
    "d1",
    "r2",
    "durable-objects"
  ],
  "description": "MoonBit bindings for Cloudflare Workers APIs (KV, D1, R2, Durable Objects, etc.)",
  "source": "src",
  "warn-list": "-29-53",
  "preferred-target": "js"
}